{
  "eye": {
    "orientation": [
      0.1045055240392685,
      0.982571005821228,
      0.06922449171543121,
      -0.13726197183132172
    ],
    "magnitude": 0.5773502588272095,
    "position": [
      -612.3756713867188,
      395.11181640625,
      -2286.673583984375
    ]
  },
  "radius": 1200,
  "type": "PERSPECTIVE"
}