{
  "eye": {
    "orientation": [
      0.13689427077770233,
      -0.7314183712005615,
      0.16991765797138214,
      0.6460767388343811
    ],
    "magnitude": 0.5773502588272095,
    "position": [
      -1468.8526611328125,
      -593.9815063476562,
      -255.13059997558594
    ]
  },
  "radius": 800,
  "type": "PERSPECTIVE"
}