{
  "eye": {
    "orientation": [
      0.03779211640357971,
      -0.30838674306869507,
      0.14313703775405884,
      0.9396708011627197
    ],
    "magnitude": 0.5773502588272095,
    "position": [
      -910.2860717773438,
      -255.65538024902344,
      1290.75146484375
    ]
  },
  "radius": 800,
  "type": "PERSPECTIVE"
}